[
  {
    "Company": "New Flyer",
    "Facility Type": "Headquarters & Manufacturing Plant",
    "Full Address": "711 Kernaghan Avenue, Winnipeg, MB R2C 3T4",
    "City": "Winnipeg",
    "State/Province": "Manitoba",
    "Country": "Canada",
    "Notes": "Corporate HQ and main Canadian production facility.",
    "manufacturer_id": 2,
    "factory_id": 8
  },
  {
    "Company": "New Flyer",
    "Facility Type": "Manufacturing Plant",
    "Full Address": "106 National Drive, Anniston, AL 36207",
    "City": "Anniston",
    "State/Province": "Alabama",
    "Country": "USA",
    "Notes": "U.S. production plant; includes Vehicle Innovation Center.",
    "manufacturer_id": 2,
    "factory_id": 9
  },
  {
    "Company": "New Flyer",
    "Facility Type": "Manufacturing Plant",
    "Full Address": "6200 Glenn Carlson Drive, St. Cloud, MN 56301",
    "City": "St. Cloud",
    "State/Province": "Minnesota",
    "Country": "USA",
    "Notes": "Transit bus assembly.",
    "manufacturer_id": 2,
    "factory_id": 10
  },
  {
    "Company": "New Flyer",
    "Facility Type": "Manufacturing Plant",
    "Full Address": "214 5th Avenue SW, Crookston, MN 56716",
    "City": "Crookston",
    "State/Province": "Minnesota",
    "Country": "USA",
    "Notes": "Transit bus assembly.",
    "manufacturer_id": 2,
    "factory_id": 11
  },
  {
    "Company": "New Flyer",
    "Facility Type": "Manufacturing Plant",
    "Full Address": "255 Fluvanna Ave, Jamestown, NY 14701",
    "City": "Jamestown",
    "State/Province": "New York",
    "Country": "USA",
    "Notes": "Component manufacturing & assembly.",
    "manufacturer_id": 2,
    "factory_id": 12
  },
  {
    "Company": "New Flyer",
    "Facility Type": "Parts Fabrication Plant",
    "Full Address": "857 Park Loop Rd, Shepherdsville, KY 40165",
    "City": "Shepherdsville",
    "State/Province": "Kentucky",
    "Country": "USA",
    "Notes": "Parts fabrication facility opened in 2018.",
    "manufacturer_id": 2,
    "factory_id": 13
  },
  {
    "Company": "Nova Bus",
    "Facility Type": "Headquarters & Assembly Plant",
    "Full Address": "1000 Boulevard Industriel, Saint-Eustache, QC J7R 5A5",
    "City": "Saint-Eustache",
    "State/Province": "Quebec",
    "Country": "Canada",
    "Notes": "Main transit bus manufacturing facility.",
    "manufacturer_id": 5,
    "factory_id": 14
  },
  {
    "Company": "Nova Bus",
    "Facility Type": "Assembly Plant",
    "Full Address": "155 Boulevard Marie-Victorin, Saint-Fran\u00e7ois-du-Lac, QC J0G 1M0",
    "City": "Saint-Fran\u00e7ois-du-Lac",
    "State/Province": "Quebec",
    "Country": "Canada",
    "Notes": "Secondary production plant.",
    "manufacturer_id": 5,
    "factory_id": 15
  },
  {
    "Company": "Nova Bus",
    "Facility Type": "Assembly & Delivery Plant",
    "Full Address": "260 Banker Road, Plattsburgh, NY 12901",
    "City": "Plattsburgh",
    "State/Province": "New York",
    "Country": "USA",
    "Notes": "Final bus assembly; closing by 2025.",
    "manufacturer_id": 5,
    "factory_id": 16
  },
  {
    "Company": "MCI",
    "Facility Type": "Manufacturing Plant",
    "Full Address": "552 West Stutsman Avenue, Pembina, ND 58271",
    "City": "Pembina",
    "State/Province": "North Dakota",
    "Country": "USA",
    "Notes": "Main motorcoach manufacturing.",
    "manufacturer_id": 6,
    "factory_id": 17
  },
  {
    "Company": "MCI",
    "Facility Type": "Manufacturing Plant",
    "Full Address": "1475 Clarence Avenue, Winnipeg, MB R3T 1T5",
    "City": "Winnipeg",
    "State/Province": "Manitoba",
    "Country": "Canada",
    "Notes": "Original coach plant.",
    "manufacturer_id": 6,
    "factory_id": 18
  },
  {
    "Company": "MCI",
    "Facility Type": "Service Center",
    "Full Address": "480A Hartney Street, Arnprior, ON K7S 0B8",
    "City": "Arnprior",
    "State/Province": "Ontario",
    "Country": "Canada",
    "Notes": "Collision repair & refurbishment.",
    "manufacturer_id": 6,
    "factory_id": 19
  },
  {
    "Company": "MCI",
    "Facility Type": "Service Center",
    "Full Address": "14 Harmon Drive, Blackwood, NJ 08012",
    "City": "Blackwood",
    "State/Province": "New Jersey",
    "Country": "USA",
    "Notes": "Northeast service center.",
    "manufacturer_id": 6,
    "factory_id": 20
  },
  {
    "Company": "MCI",
    "Facility Type": "Service Center",
    "Full Address": "20700 Denker Ave Suite A, Torrance, CA 90501",
    "City": "Torrance",
    "State/Province": "California",
    "Country": "USA",
    "Notes": "West Coast service center.",
    "manufacturer_id": 6,
    "factory_id": 21
  },
  {
    "Company": "MCI",
    "Facility Type": "Service Center",
    "Full Address": "4120 Point Eden Way, Hayward, CA 94545",
    "City": "Hayward",
    "State/Province": "California",
    "Country": "USA",
    "Notes": "Bay Area service center.",
    "manufacturer_id": 6,
    "factory_id": 22
  },
  {
    "Company": "MCI",
    "Facility Type": "Service Center",
    "Full Address": "3500 Rue Saint-Patrick, Montreal, QC H4E 1A2",
    "City": "Montreal",
    "State/Province": "Quebec",
    "Country": "Canada",
    "Notes": "Eastern Canada service center.",
    "manufacturer_id": 6,
    "factory_id": 23
  },
  {
    "Company": "MCI",
    "Facility Type": "Service Center",
    "Full Address": "200 East Oakton Street, Des Plaines, IL 60018",
    "City": "Des Plaines",
    "State/Province": "Illinois",
    "Country": "USA",
    "Notes": "Midwest service center.",
    "manufacturer_id": 6,
    "factory_id": 24
  },
  {
    "Company": "MCI",
    "Facility Type": "Service Center",
    "Full Address": "9787 Clifford Drive, Dallas, TX 75220",
    "City": "Dallas",
    "State/Province": "Texas",
    "Country": "USA",
    "Notes": "Southern US service center.",
    "manufacturer_id": 6,
    "factory_id": 25
  },
  {
    "Company": "Prevost",
    "Facility Type": "Manufacturing Headquarters",
    "Full Address": "35 Gagnon Boulevard, Sainte-Claire, QC G0R 2V0",
    "City": "Sainte-Claire",
    "State/Province": "Quebec",
    "Country": "Canada",
    "Notes": "Main coach manufacturing and HQ.",
    "manufacturer_id": 7,
    "factory_id": 26
  },
  {
    "Company": "Prevost",
    "Facility Type": "Assembly Plant",
    "Full Address": "260 Banker Road, Plattsburgh, NY 12901",
    "City": "Plattsburgh",
    "State/Province": "New York",
    "Country": "USA",
    "Notes": "U.S. assembly line (2014\u20132022).",
    "manufacturer_id": 7,
    "factory_id": 27
  },
  {
    "Company": "Prevost",
    "Facility Type": "Parts & Service Center",
    "Full Address": "2932 Kingsview Blvd SE, Airdrie, AB T4A 0C9",
    "City": "Airdrie",
    "State/Province": "Alberta",
    "Country": "Canada",
    "Notes": "Service facility for Calgary region.",
    "manufacturer_id": 7,
    "factory_id": 28
  },
  {
    "Company": "Prevost",
    "Facility Type": "Parts & Service Center",
    "Full Address": "11911 No. 5 Road, Richmond, BC V7A 4E9",
    "City": "Richmond",
    "State/Province": "British Columbia",
    "Country": "Canada",
    "Notes": "Service facility for Vancouver.",
    "manufacturer_id": 7,
    "factory_id": 29
  },
  {
    "Company": "Prevost",
    "Facility Type": "Parts & Service Center",
    "Full Address": "7655 Tranmere Drive, Mississauga, ON L5S 1L4",
    "City": "Mississauga",
    "State/Province": "Ontario",
    "Country": "Canada",
    "Notes": "Service facility for Toronto.",
    "manufacturer_id": 7,
    "factory_id": 30
  },
  {
    "Company": "Prevost",
    "Facility Type": "Parts & Service Center",
    "Full Address": "850 Chemin Olivier, L\u00e9vis, QC G7A 2N1",
    "City": "L\u00e9vis",
    "State/Province": "Quebec",
    "Country": "Canada",
    "Notes": "Service facility for Quebec City.",
    "manufacturer_id": 7,
    "factory_id": 31
  },
  {
    "Company": "Prevost",
    "Facility Type": "Parts & Service Center",
    "Full Address": "6821 Central Avenue, Newark, CA 94560",
    "City": "Newark",
    "State/Province": "California",
    "Country": "USA",
    "Notes": "San Francisco Bay Area service center.",
    "manufacturer_id": 7,
    "factory_id": 32
  },
  {
    "Company": "Prevost",
    "Facility Type": "Parts & Service Center",
    "Full Address": "3715 N. Carnation St., Franklin Park, IL 60131",
    "City": "Franklin Park",
    "State/Province": "Illinois",
    "Country": "USA",
    "Notes": "Chicago area service center.",
    "manufacturer_id": 7,
    "factory_id": 33
  },
  {
    "Company": "Prevost",
    "Facility Type": "Parts & Service Center",
    "Full Address": "201 South Avenue, South Plainfield, NJ 07080",
    "City": "South Plainfield",
    "State/Province": "New Jersey",
    "Country": "USA",
    "Notes": "New Jersey service center.",
    "manufacturer_id": 7,
    "factory_id": 34
  },
  {
    "Company": "Prevost",
    "Facility Type": "Parts & Service Center",
    "Full Address": "57 County Avenue, Secaucus, NJ 07094",
    "City": "Secaucus",
    "State/Province": "New Jersey",
    "Country": "USA",
    "Notes": "New Jersey service center.",
    "manufacturer_id": 7,
    "factory_id": 35
  },
  {
    "Company": "Prevost",
    "Facility Type": "Parts & Service Center",
    "Full Address": "800 South Cartwright St., Goodlettsville, TN 37072",
    "City": "Goodlettsville",
    "State/Province": "Tennessee",
    "Country": "USA",
    "Notes": "Nashville area service center.",
    "manufacturer_id": 7,
    "factory_id": 36
  },
  {
    "Company": "Prevost",
    "Facility Type": "Parts & Service Center",
    "Full Address": "15200 Frye Road, Fort Worth, TX 76155",
    "City": "Fort Worth",
    "State/Province": "Texas",
    "Country": "USA",
    "Notes": "Dallas\u2013Fort Worth service center.",
    "manufacturer_id": 7,
    "factory_id": 37
  },
  {
    "Company": "Prevost",
    "Facility Type": "Parts & Service Center",
    "Full Address": "11851 Cutten Road, Houston, TX 77066",
    "City": "Houston",
    "State/Province": "Texas",
    "Country": "USA",
    "Notes": "Houston area service center.",
    "manufacturer_id": 7,
    "factory_id": 38
  },
  {
    "Company": "Prevost",
    "Facility Type": "Parts & Service Center",
    "Full Address": "6931 Business Park Blvd N, Jacksonville, FL 32256",
    "City": "Jacksonville",
    "State/Province": "Florida",
    "Country": "USA",
    "Notes": "Jacksonville, FL service center.",
    "manufacturer_id": 7,
    "factory_id": 39
  },
  {
    "Company": "Prevost",
    "Facility Type": "Parts & Service Center",
    "Full Address": "1300 Green Forest Court, Winter Garden, FL 34787",
    "City": "Winter Garden",
    "State/Province": "Florida",
    "Country": "USA",
    "Notes": "Orlando area service center.",
    "manufacturer_id": 7,
    "factory_id": 40
  },
  {
    "Company": "ARBOC Specialty Vehicles",
    "Facility Type": "Manufacturing Plant & Headquarters",
    "Full Address": "51165 Greenfield Pkwy, Middlebury, IN 46540",
    "City": "Middlebury",
    "State/Province": "Indiana",
    "Country": "USA",
    "Notes": "Main production facility and HQ.",
    "manufacturer_id": 8,
    "factory_id": 41
  },
  {
    "Company": "TAM",
    "Facility Type": "Manufacturing Plant & Headquarters",
    "Full Address": "Cesta k Tamu 33, 2000 Maribor",
    "City": "Maribor",
    "State/Province": null,
    "Country": "Slovenia",
    "Notes": "Factory and headquarters on historic site.",
    "manufacturer_id": 4,
    "factory_id": 42
  },
  {
    "Company": "ENC (ElDorado National)",
    "Facility Type": "Manufacturing Plant & Headquarters",
    "Full Address": "9670 Galena Street, Riverside, CA 92509",
    "City": "Riverside",
    "State/Province": "California",
    "Country": "USA",
    "Notes": "Main 227,000 sq.ft. production facility.",
    "manufacturer_id": 9,
    "factory_id": 43
  },
  {
    "Company": "Karsan",
    "Facility Type": "Headquarters & Assembly Plant",
    "Full Address": "Hasana\u011fa O.S.B., HOSAB Sanayi Cd. No:53, Nil\u00fcfer, Bursa 16280",
    "City": "Nil\u00fcfer",
    "State/Province": "Bursa Province",
    "Country": "Turkey",
    "Notes": "Main manufacturing HQ in Hasana\u011fa OIZ.",
    "manufacturer_id": 10,
    "factory_id": 44
  },
  {
    "Company": "Karsan",
    "Facility Type": "Body Manufacturing Plant",
    "Full Address": "Hasana\u011fa O.S.B. (HOSAB-2), Nil\u00fcfer, Bursa",
    "City": "Nil\u00fcfer",
    "State/Province": "Bursa Province",
    "Country": "Turkey",
    "Notes": "Dedicated bus body factory.",
    "manufacturer_id": 10,
    "factory_id": 45
  },
  {
    "Company": "Karsan",
    "Facility Type": "Coating & Components Plant",
    "Full Address": "Organize Sanayi B\u00f6lgesi, Mavi Cad. No:13, Nil\u00fcfer, Bursa 16215",
    "City": "Nil\u00fcfer",
    "State/Province": "Bursa Province",
    "Country": "Turkey",
    "Notes": "Coating and parts facility.",
    "manufacturer_id": 10,
    "factory_id": 46
  },
  {
    "Company": "TEMSA",
    "Facility Type": "Manufacturing Headquarters",
    "Full Address": "Sar\u0131hamzal\u0131 Mah., Turhan Cemal Beriker Blv. No:563/A, 01110 Seyhan, Adana",
    "City": "Adana",
    "State/Province": "Adana Province",
    "Country": "Turkey",
    "Notes": "Main production campus.",
    "manufacturer_id": 11,
    "factory_id": 47
  },
  {
    "Company": "TEMSA",
    "Facility Type": "Corporate Office (R&D Center)",
    "Full Address": "K\u0131s\u0131kl\u0131 Cad. \u015eehit \u0130smail Moray Sok. No:2/1, Altunizade, \u00dcsk\u00fcdar, \u0130stanbul",
    "City": "Istanbul",
    "State/Province": "\u0130stanbul",
    "Country": "Turkey",
    "Notes": "Corporate and innovation hub.",
    "manufacturer_id": 11,
    "factory_id": 48
  },
  {
    "Company": "TEMSA",
    "Facility Type": "Distribution & Service Center",
    "Full Address": "41480 Rollins Rd, Burlingame, CA 94010",
    "City": "Burlingame",
    "State/Province": "California",
    "Country": "USA",
    "Notes": "North America West Coast service center.",
    "manufacturer_id": 11,
    "factory_id": 49
  },
  {
    "Company": "TEMSA",
    "Facility Type": "Distribution & Service Center",
    "Full Address": "404 Zell Dr, Orlando, FL 32824",
    "City": "Orlando",
    "State/Province": "Florida",
    "Country": "USA",
    "Notes": "North America East Coast service center.",
    "manufacturer_id": 11,
    "factory_id": 50
  }
]